{"cameraMode":{"drawMode":0,"name":"Shaded","section":"Shading Mode"},"sceneLighting":false,"audioPlay":false,"sceneViewState":{"showFog":true,"showMaterialUpdate":false,"showSkybox":false,"showFlares":true,"showImageEffects":true,"showParticleSystems":true},"in2DMode":false,"pivot":{"x":-0.001684427261352539,"y":1.301906704902649,"z":0.0},"rotation":{"x":0.1350499540567398,"y":-0.45143312215805056,"z":0.06933688372373581,"w":0.8792925477027893},"size":4.966129302978516,"orthographic":true}