{"cameraMode":{"drawMode":0,"name":"Shaded","section":"Shading Mode"},"sceneLighting":false,"audioPlay":false,"sceneViewState":{"showFog":true,"showMaterialUpdate":false,"showSkybox":true,"showFlares":true,"showImageEffects":true,"showParticleSystems":true},"in2DMode":false,"pivot":{"x":-0.7495899200439453,"y":4.130279541015625,"z":-2.548212766647339},"rotation":{"x":-0.1329541951417923,"y":-0.8559970259666443,"z":0.2712743282318115,"w":-0.4195318818092346},"size":91.73796081542969,"orthographic":true}