{"cameraMode":{"drawMode":0,"name":"Shaded","section":"Shading Mode"},"sceneLighting":false,"audioPlay":false,"sceneViewState":{"showFog":true,"showMaterialUpdate":false,"showSkybox":true,"showFlares":true,"showImageEffects":true,"showParticleSystems":true},"in2DMode":false,"pivot":{"x":0.1838092803955078,"y":5.7373199462890629,"z":138.1123046875},"rotation":{"x":-0.1369827836751938,"y":-0.6446093916893005,"z":0.11890191584825516,"w":-0.7426682710647583},"size":11.148534774780274,"orthographic":true}