{"cameraMode":{"drawMode":0,"name":"Shaded","section":"Shading Mode"},"sceneLighting":false,"audioPlay":false,"sceneViewState":{"showFog":true,"showMaterialUpdate":false,"showSkybox":true,"showFlares":true,"showImageEffects":true,"showParticleSystems":true},"in2DMode":false,"pivot":{"x":72.90583801269531,"y":-50.239654541015628,"z":154.8607177734375},"rotation":{"x":-0.1387120932340622,"y":-0.8481476306915283,"z":0.2715894281864166,"w":-0.4331839680671692},"size":67.89690399169922,"orthographic":true}