{"cameraMode":{"drawMode":0,"name":"Shaded","section":"Shading Mode"},"sceneLighting":false,"audioPlay":false,"sceneViewState":{"showFog":true,"showMaterialUpdate":false,"showSkybox":true,"showFlares":true,"showImageEffects":true,"showParticleSystems":true},"in2DMode":false,"pivot":{"x":-0.7495899200439453,"y":4.130279541015625,"z":-2.548212766647339},"rotation":{"x":-0.022797048091888429,"y":-0.9611037969589233,"z":0.2622697353363037,"w":-0.08354049921035767},"size":13.974180221557618,"orthographic":true}